"DATE","TIME","ANIMAL NO","EX NO","WEIGHT","SEX/AGE","COMMENT","SAMPLING","HR","SBP","DBP","MBP"
"19/05/19","13:35:50"," 8084532","014-T012","       /","       /","P8",4,"146","159","109","126"
"19/05/19","13:36:54"," 8084540","014-T012","       /","       /","P8",4,"139","109","53","72"
"19/05/19","13:37:10"," 8084540","014-T012","       /","       /","P8",4,"148","171","72","105"
"19/05/19","13:37:47"," 8084540","014-T012","       /","       /","P8",4,"129","166","113","130"
"19/05/19","13:41:18"," 8084591","014-T012","       /","       /","P8",4,"98","158","103","121"
"19/05/19","13:42:25"," 8084680","014-T012","       /","       /","P8",4,"102","157","103","121"
"19/05/19","13:43:48"," 8084728","014-T012","       /","       /","P8",4,"68","121","81","94"
"19/05/19","13:45:34"," 8084965","014-T012","       /","       /","P8",4,"97","120","84","96"
"19/05/19","13:47:02"," 8085032","014-T012","       /","       /","P8",4,"79","151","99","116"
"19/05/19","13:48:30"," 8086283","014-T012","       /","       /","P8",4,"108","139","81","100"
"19/05/19","13:49:52"," 8086364","014-T012","       /","       /","P8",4,"99","146","79","101"
"19/05/19","13:51:10"," 8086802","014-T012","       /","       /","P8",4,"131","139","94","109"
"19/05/19","13:52:33"," 8086861","014-T012","       /","       /","P8",4,"87","156","111","126"
"19/05/19","13:53:06"," 8086861","014-T012","       /","       /","P8",4,"91","162","112","129"
"19/05/19","13:53:26"," 8086861","014-T012","       /","       /","P8",4,"86","170","107","128"
"19/05/19","13:55:34"," 8086968","014-T012","       /","       /","P8",4,"84","154","94","114"
"19/05/19","13:56:39"," 8087026","014-T012","       /","       /","P8",4,"94","167","87","114"
"19/05/19","13:57:02"," 8087026","014-T012","       /","       /","P8",4,"105","163","114","130"
"19/05/19","13:57:22"," 8087026","014-T012","       /","       /","P8",4,"91","169","49","89"
"19/05/19","13:58:26"," 8087387","014-T012","       /","       /","P8",4,"121","172","95","120"
"19/05/19","13:58:47"," 8087387","014-T012","       /","       /","P8",4,"116","157","99","118"
"19/05/19","13:59:08"," 8087387","014-T012","       /","       /","P8",4,"107","158","98","118"
"19/05/19","14:00:11"," 8087727","014-T012","       /","       /","P8",4,"105","141","76","98"
"19/05/19","14:01:36"," 8088006","014-T012","       /","       /","P8",4,"65","97","58","71"
"19/05/19","14:02:00"," 8088006","014-T012","       /","       /","P8",4,"74","138","90","106"
"19/05/19","14:02:43"," 8088006","014-T012","       /","       /","P8",4,"62","152","95","114"
"19/05/19","14:03:50"," 8088197","014-T012","       /","       /","P8",4,"101","128","85","99"
"19/05/19","14:05:28"," 8088286","014-T012","       /","       /","P8",4,"117","153","91","112"
"19/05/19","14:06:38"," 8088618","014-T012","       /","       /","P8",4,"92","137","85","102"
"19/05/19","14:08:01"," 8088626","014-T012","       /","       /","P8",4,"90","140","92","108"
"19/05/19","14:09:51"," 8088634","014-T012","       /","       /","P8",4,"91","169","115","133"
"19/05/19","14:11:04"," 8088634","014-T012","       /","       /","P8",4,"78","157","112","127"
"19/05/19","14:11:25"," 8088634","014-T012","       /","       /","P8",4,"86","177","117","137"
"19/05/19","14:13:40"," 8088902","014-T012","       /","       /","P8",4,"70","131","77","95"
"19/05/19","14:14:48"," 8084353","014-T012","       /","       /","P8",4,"143","145","72","96"
"19/05/19","14:16:43"," 8084698","014-T012","       /","       /","P8",4,"104","125","73","90"
"19/05/19","14:17:49"," 8084809","014-T012","       /","       /","P8",4,"111","115","52","73"
"19/05/19","14:18:11"," 8084809","014-T012","       /","       /","P8",4,"82","112","64","80"
"19/05/19","14:18:32"," 8084809","014-T012","       /","       /","P8",4,"86","103","65","78"
"19/05/19","14:19:54"," 8084876","014-T012","       /","       /","P8",4,"86","150","81","104"
"19/05/19","14:21:24"," 8084931","014-T012","       /","       /","P8",4,"101","150","69","96"
"19/05/19","14:22:27"," 8084973","014-T012","       /","       /","P8",4,"99","128","57","81"
"19/05/19","14:22:50"," 8084973","014-T012","       /","       /","P8",4,"85","119","70","86"
"19/05/19","14:23:39"," 8084973","014-T012","       /","       /","P8",4,"88","134","89","104"
"19/05/19","14:24:59"," 8085147","014-T012","       /","       /","P8",4,"93","148","84","105"
"19/05/19","14:26:11"," 8085325","014-T012","       /","       /","P8",4,"85","151","91","111"
"19/05/19","14:27:28"," 8085678","014-T012","       /","       /","P8",4,"102","129","70","90"
"19/05/19","14:28:40"," 8085970","014-T012","       /","       /","P8",4,"116","162","96","118"
"19/05/19","14:29:03"," 8085970","014-T012","       /","       /","P8",4,"106","169","68","102"
"19/05/19","14:29:23"," 8085970","014-T012","       /","       /","P8",4,"97","164","95","118"
"19/05/19","14:30:40"," 8086089","014-T012","       /","       /","P8",4,"76","136","65","89"
"19/05/19","14:32:28"," 8086313","014-T012","       /","       /","P8",4,"109","163","95","118"
"19/05/19","14:32:51"," 8086313","014-T012","       /","       /","P8",4,"103","171","119","136"
"19/05/19","14:33:55"," 8086313","014-T012","       /","       /","P8",4,"108","157","99","118"
"19/05/19","14:35:07"," 8086755","014-T012","       /","       /","P8",4,"103","121","70","87"
"19/05/19","14:36:44"," 8087493","014-T012","       /","       /","P8",4,"104","131","84","100"
"19/05/19","14:38:29"," 8087663","014-T012","       /","       /","P8",4,"100","145","76","99"
"19/05/19","14:40:16"," 8087778","014-T012","       /","       /","P8",4,"76","111","65","80"
"19/05/19","14:41:42"," 8088049","014-T012","       /","       /","P8",4,"85","140","80","100"
"19/05/19","14:43:20"," 8088065","014-T012","       /","       /","P8",4,"109","129","83","98"
"19/05/19","14:45:11"," 8088120","014-T012","       /","       /","P8",4,"105","130","94","106"
"19/05/19","14:46:32"," 8088804","014-T012","       /","       /","P8",4,"118","127","75","92"
"19/05/19","14:48:03"," 8089029","014-T012","       /","       /","P8",4,"130","150","78","102"
"19/05/19","14:49:20"," 8090698","014-T012","       /","       /","P8",4,"107","144","81","102"
